{
  "name": "DFRobot_ESP_PH_WITH_ADC_BY_GREENPONIK",
  "description": "Read PH with ESP32, ADC Adafruit ADS1115 and DFrobot SEN0161-V2 PH sensor kit",
  "keywords": ["PH", "reader", "ESP32"],
  "authors": [
    {
      "email": "contact@greenponik.com",
      "url": "https://www.greenponik.com",
      "maintainer": true,
      "name": "GreenPonik (Mickael Lehoux)"
    }
  ],
  "repository": {
    "type": "git",
    "url": "https://github.com/GreenPonik/DFRobot_ESP_PH_WITH_ADC_BY_GREENPONIK.git"
  },
  "version": "1.2.3",
  "license": "LGPL-2.1",
  "frameworks": ["arduino"],
  "platforms": ["espressif32"]
}
